"domain_rank"	"spam_score"	"comments"	"type"
"1"	0.260328945368315	0	0	"bias"
"2"	0.260328945368315	0	0	"bias"
"3"	0.260328945368315	0	0	"bias"
"4"	0.260328945368315	0.068	0	"bias"
"5"	0.260328945368315	0.865	0	"bias"
"6"	0.260328945368315	0	0	"bias"
"7"	0.260328945368315	0.701	0	"bias"
"8"	0.260328945368315	0.188	0	"bias"
"9"	0.260328945368315	0.144	0	"bias"
"10"	0.260328945368315	0.995	0	"bias"
"11"	0.260328945368315	0	0	"bias"
"12"	0.260328945368315	0.998	0	"bias"
"13"	0.260328945368315	0	0	"bias"
"14"	0.260328945368315	0.001	0	"bias"
"15"	0.260328945368315	0	0	"bias"
"16"	0.260328945368315	0	0	"bias"
"17"	0.260328945368315	0.268	0	"bias"
"18"	0.260328945368315	0	0	"bias"
"19"	0.260328945368315	0	0	"bias"
"20"	0.260328945368315	0	0	"bias"
"21"	0.260328945368315	0.19	0	"bias"
"22"	0.260328945368315	0	0	"bias"
"23"	0.260328945368315	0	0	"bias"
"24"	0.260328945368315	0	0	"bias"
"25"	0.260328945368315	0	0	"bias"
"26"	0.260328945368315	0	0	"bias"
"27"	0.260328945368315	0	0	"bias"
"28"	0.260328945368315	0.256	0	"bias"
"29"	0.260328945368315	0	0	"bias"
"30"	0.260328945368315	0	0	"bias"
"31"	0.260328945368315	0	0	"bias"
"32"	0.260328945368315	0	0	"bias"
"33"	0.260328945368315	0	0	"bias"
"34"	0.659491887838345	0	0	"fake"
"35"	0.659491887838345	0.009	0	"fake"
"36"	0.187810983086574	0	0	"bs"
"37"	0.187810983086574	0	0	"bs"
"38"	0.187810983086574	0	0	"bs"
"39"	0.187810983086574	0	0	"bs"
"40"	0.187810983086574	0	0	"bs"
"41"	0.187810983086574	0	0	"bs"
"42"	0.187810983086574	0	0	"bs"
"43"	0.187810983086574	0	0	"bs"
"44"	0.187810983086574	0	0	"bs"
"45"	0.187810983086574	0	0	"bs"
"46"	0.187810983086574	0	0	"bs"
"47"	0.187810983086574	0	0	"bs"
"48"	0.187810983086574	0	0	"bs"
"49"	0.187810983086574	0	0	"bs"
"50"	0.187810983086574	0	0	"bs"
"51"	0.187810983086574	0	0	"bs"
"52"	0.187810983086574	0	0	"bs"
"53"	0.187810983086574	0	0	"bs"
"54"	0.187810983086574	0	0	"bs"
"55"	0.187810983086574	0	0	"bs"
"56"	0.187810983086574	0	0	"bs"
"57"	0.187810983086574	0	0	"bs"
"58"	0.187810983086574	0	0	"bs"
"59"	0.187810983086574	0	0	"bs"
"60"	0.187810983086574	0	0	"bs"
"61"	0.187810983086574	0	0	"bs"
"62"	0.187810983086574	0	0	"bs"
"63"	0.187810983086574	0	0	"bs"
"64"	0.187810983086574	0	0	"bs"
"65"	0.187810983086574	0	0	"bs"
"66"	0.187810983086574	0	0	"bs"
"67"	0.187810983086574	0	0	"bs"
"68"	0.187810983086574	0	0	"bs"
"69"	0.187810983086574	0	0	"bs"
"70"	0.187810983086574	0	0	"bs"
"71"	0.187810983086574	0	0	"bs"
"72"	0.187810983086574	0	0	"bs"
"73"	0.187810983086574	0	0	"bs"
"74"	0.187810983086574	0	0	"bs"
"75"	0.187810983086574	0	0	"bs"
"76"	0.187810983086574	0	0	"bs"
"77"	0.187810983086574	0	0	"bs"
"78"	0.187810983086574	0	0	"bs"
"79"	0.187810983086574	0	0	"bs"
"80"	0.187810983086574	0	0	"bs"
"81"	0.187810983086574	0	0	"bs"
"82"	0.187810983086574	0	0	"bs"
"83"	0.187810983086574	0	0	"bs"
"84"	0.187810983086574	0	0	"bs"
"85"	0.187810983086574	0	0	"bs"
"86"	0.187810983086574	0	0	"bs"
"87"	0.187810983086574	0	0	"bs"
"88"	0.187810983086574	0	0	"bs"
"89"	0.187810983086574	0	0	"bs"
"90"	0.187810983086574	0	0	"bs"
"91"	0.187810983086574	0	0	"bs"
"92"	0.187810983086574	0	0	"bs"
"93"	0.187810983086574	0	0	"bs"
"94"	0.187810983086574	0	0	"bs"
"95"	0.187810983086574	0	0	"bs"
"96"	0.187810983086574	0	0	"bs"
"97"	0.187810983086574	0	0	"bs"
"98"	0.187810983086574	0	0	"bs"
"99"	0.187810983086574	0	0	"bs"
"100"	0.187810983086574	0	0	"bs"
"101"	0.187810983086574	0	0	"bs"
"102"	0.187810983086574	0	0	"bs"
"103"	0.187810983086574	0	0	"bs"
"104"	0.187810983086574	0	0	"bs"
"105"	0.187810983086574	0	0	"bs"
"106"	0.187810983086574	0	0	"bs"
"107"	0.187810983086574	0	0	"bs"
"108"	0.187810983086574	0	0	"bs"
"109"	0.187810983086574	0	0	"bs"
"110"	0.187810983086574	0	0	"bs"
"111"	0.187810983086574	0	0	"bs"
"112"	0.187810983086574	0	0	"bs"
"113"	0.187810983086574	0	0	"bs"
"114"	0.187810983086574	0	0	"bs"
"115"	0.187810983086574	0	0	"bs"
"116"	0.187810983086574	0	0	"bs"
"117"	0.187810983086574	0	0	"bs"
"118"	0.187810983086574	0	0	"bs"
"119"	0.187810983086574	0	0	"bs"
"120"	0.187810983086574	0	0	"bs"
"121"	0.187810983086574	0	0	"bs"
"122"	0.187810983086574	0	0	"bs"
"123"	0.187810983086574	0	0	"bs"
"124"	0.187810983086574	0	0	"bs"
"125"	0.187810983086574	0	0	"bs"
"126"	0.187810983086574	0	0	"bs"
"127"	0.187810983086574	0	0	"bs"
"128"	0.187810983086574	0	0	"bs"
"129"	0.187810983086574	0	0	"bs"
"130"	0.187810983086574	0	0	"bs"
"131"	0.187810983086574	0	0	"bs"
"132"	0.187810983086574	0	0	"bs"
"133"	0.187810983086574	0	0	"bs"
"134"	0.187810983086574	0	0	"bs"
"135"	0.187810983086574	0	0	"bs"
"136"	0.376584683671298	0	0	"conspiracy"
"137"	0.376584683671298	0	0	"conspiracy"
"138"	0.376584683671298	0	0	"conspiracy"
"139"	0.376584683671298	0	0	"conspiracy"
"140"	0.376584683671298	0	0	"conspiracy"
"141"	0.376584683671298	0	0	"conspiracy"
"142"	0.376584683671298	0	0	"conspiracy"
"143"	0.376584683671298	0	0	"conspiracy"
"144"	0.376584683671298	0	0	"conspiracy"
"145"	0.376584683671298	0	0	"conspiracy"
"146"	0.376584683671298	0	0	"conspiracy"
"147"	0.376584683671298	0	0	"conspiracy"
"148"	0.376584683671298	0	0	"conspiracy"
"149"	0.376584683671298	0	0	"conspiracy"
"150"	0.376584683671298	0	0	"conspiracy"
"151"	0.376584683671298	0	0	"conspiracy"
"152"	0.376584683671298	0	0	"conspiracy"
"153"	0.376584683671298	0	0	"conspiracy"
"154"	0.376584683671298	0	0	"conspiracy"
"155"	0.376584683671298	0	0	"conspiracy"
"156"	0.376584683671298	0	0	"conspiracy"
"157"	0.376584683671298	0	0	"conspiracy"
"158"	0.376584683671298	0	0	"conspiracy"
"159"	0.376584683671298	0	0	"conspiracy"
"160"	0.376584683671298	0	0	"conspiracy"
"161"	0.376584683671298	0	0	"conspiracy"
"162"	0.376584683671298	0	0	"conspiracy"
"163"	0.376584683671298	0	0	"conspiracy"
"164"	0.376584683671298	0	0	"conspiracy"
"165"	0.376584683671298	0	0	"conspiracy"
"166"	0.376584683671298	0	0	"conspiracy"
"167"	0.376584683671298	0	0	"conspiracy"
"168"	0.376584683671298	0	0	"conspiracy"
"169"	0.376584683671298	0	0	"conspiracy"
"170"	0.376584683671298	0	0	"conspiracy"
"171"	0.376584683671298	0	0	"conspiracy"
"172"	0.376584683671298	0	0	"conspiracy"
"173"	0.376584683671298	0	0	"conspiracy"
"174"	0.376584683671298	0	0	"conspiracy"
"175"	0.376584683671298	0	0	"conspiracy"
"176"	0.376584683671298	0	0	"conspiracy"
"177"	0.376584683671298	0	0	"conspiracy"
"178"	0.376584683671298	0	0	"conspiracy"
"179"	0.376584683671298	0	0	"conspiracy"
"180"	0.376584683671298	0	0	"conspiracy"
"181"	0.376584683671298	0	0	"conspiracy"
"182"	0.376584683671298	0	0	"conspiracy"
"183"	0.376584683671298	0	0	"conspiracy"
"184"	0.376584683671298	0	0	"conspiracy"
"185"	0.376584683671298	0	0	"conspiracy"
"186"	0.376584683671298	0	0	"conspiracy"
"187"	0.376584683671298	0	0	"conspiracy"
"188"	0.376584683671298	0	0	"conspiracy"
"189"	0.376584683671298	0	0	"conspiracy"
"190"	0.376584683671298	0	0	"conspiracy"
"191"	0.376584683671298	0	0	"conspiracy"
"192"	0.376584683671298	0	0	"conspiracy"
"193"	0.376584683671298	0	0	"conspiracy"
"194"	0.376584683671298	0	0	"conspiracy"
"195"	0.376584683671298	0	0	"conspiracy"
"196"	0.376584683671298	0	0	"conspiracy"
"197"	0.376584683671298	0	0	"conspiracy"
"198"	0.376584683671298	0	0	"conspiracy"
"199"	0.376584683671298	0	0	"conspiracy"
"200"	0.376584683671298	0	0	"conspiracy"
"201"	0.376584683671298	0	0	"conspiracy"
"202"	0.376584683671298	0	0	"conspiracy"
"203"	0.376584683671298	0	0	"conspiracy"
"204"	0.376584683671298	0	0	"conspiracy"
"205"	0.376584683671298	0	0	"conspiracy"
"206"	0.376584683671298	0	0	"conspiracy"
"207"	0.376584683671298	0	0	"conspiracy"
"208"	0.376584683671298	0	0	"conspiracy"
"209"	0.376584683671298	0.029	0	"conspiracy"
"210"	0.376584683671298	0	0	"conspiracy"
"211"	0.376584683671298	0	0	"conspiracy"
"212"	0.376584683671298	0	0	"conspiracy"
"213"	0.376584683671298	0	0	"conspiracy"
"214"	0.376584683671298	0	0	"conspiracy"
"215"	0.376584683671298	0	0	"conspiracy"
"216"	0.376584683671298	0	0	"conspiracy"
"217"	0.376584683671298	0	0	"conspiracy"
"218"	0.376584683671298	0	0	"conspiracy"
"219"	0.376584683671298	0	0	"conspiracy"
"220"	0.376584683671298	0	0	"conspiracy"
"221"	0.376584683671298	0	0	"conspiracy"
"222"	0.376584683671298	0	0	"conspiracy"
"223"	0.376584683671298	0	0	"conspiracy"
"224"	0.376584683671298	0	0	"conspiracy"
"225"	0.376584683671298	0	0	"conspiracy"
"226"	0.376584683671298	0	0	"conspiracy"
"227"	0.376584683671298	0	0	"conspiracy"
"228"	0.376584683671298	0	0	"conspiracy"
"229"	0.376584683671298	0	0	"conspiracy"
"230"	0.376584683671298	0	0	"conspiracy"
"231"	0.376584683671298	0	0	"conspiracy"
"232"	0.376584683671298	0	0	"conspiracy"
"233"	0.376584683671298	0	0	"conspiracy"
"234"	0.376584683671298	0	0	"conspiracy"
"235"	0.376584683671298	0	0	"conspiracy"
"236"	0.0584926884139483	0.096	0	"bias"
"237"	0.0584926884139483	0	0	"bias"
"238"	0.0584926884139483	0	0	"bias"
"239"	0.0584926884139483	0.033	0	"bias"
"240"	0.0584926884139483	0.001	0	"bias"
"241"	0.0584926884139483	0.02	0	"bias"
"242"	0.0584926884139483	0.039	0	"bias"
"243"	0.0584926884139483	0	1	"bias"
"244"	0.0584926884139483	0	0	"bias"
"245"	0.0584926884139483	0.435	0	"bias"
"246"	0.0584926884139483	0	0	"bias"
"247"	0.0584926884139483	0	0	"bias"
"248"	0.0584926884139483	0	0	"bias"
"249"	0.0584926884139483	0	0	"bias"
"250"	0.0584926884139483	0	0	"bias"
"251"	0.0584926884139483	0	0	"bias"
"252"	0.0584926884139483	0	0	"bias"
"253"	0.0584926884139483	0	0	"bias"
"254"	0.0584926884139483	0	0	"bias"
"255"	0.0584926884139483	0	0	"bias"
"256"	0.794424345605448	0	0	"bs"
"257"	0.261879427233758	0.008	0	"bs"
"258"	0.261879427233758	0.012	0	"bs"
"259"	0.0378398646115182	0.052	0	"bs"
"260"	0.0378398646115182	0.059	0	"bs"
"261"	0.0378398646115182	0.109	0	"bs"
"262"	0.955046159770569	0	0	"bs"
"263"	0.955046159770569	0	0	"bs"
"264"	0.955046159770569	0	0	"bs"
"265"	0.955046159770569	0	0	"bs"
"266"	0.955046159770569	0	0	"bs"
"267"	0.955046159770569	0	0	"bs"
"268"	0.955046159770569	0	0	"bs"
"269"	0.955046159770569	0	0	"bs"
"270"	0.955046159770569	0	0	"bs"
"271"	0.955046159770569	0	0	"bs"
"272"	0.955046159770569	0	0	"bs"
"273"	0.955046159770569	0	0	"bs"
"274"	0.955046159770569	0	0	"bs"
"275"	0.955046159770569	0	0	"bs"
"276"	0.955046159770569	0	0	"bs"
"277"	0.955046159770569	0	0	"bs"
"278"	0.955046159770569	0	0	"bs"
"279"	0.955046159770569	0	0	"bs"
"280"	0.955046159770569	0	0	"bs"
"281"	0.955046159770569	0	0	"bs"
"282"	0.955046159770569	0	0	"bs"
"283"	0.955046159770569	0	0	"bs"
"284"	0.955046159770569	0	0	"bs"
"285"	0.955046159770569	0	0	"bs"
"286"	0.955046159770569	0	0	"bs"
"287"	0.955046159770569	0	0	"bs"
"288"	0.955046159770569	0	0	"bs"
"289"	0.955046159770569	0	0	"bs"
"290"	0.955046159770569	0	0	"bs"
"291"	0.955046159770569	0	0	"bs"
"292"	0.955046159770569	0	0	"bs"
"293"	0.955046159770569	0	0	"bs"
"294"	0.955046159770569	0	0	"bs"
"295"	0.955046159770569	0	0	"bs"
"296"	0.955046159770569	0	0	"bs"
"297"	0.955046159770569	0	0	"bs"
"298"	0.955046159770569	0	0	"bs"
"299"	0.955046159770569	0	0	"bs"
"300"	0.955046159770569	0	0	"bs"
"301"	0.955046159770569	0	0	"bs"
"302"	0.955046159770569	0	0	"bs"
"303"	0.955046159770569	0	0	"bs"
"304"	0.955046159770569	0	0	"bs"
"305"	0.955046159770569	0	0	"bs"
"306"	0.955046159770569	0	0	"bs"
"307"	0.955046159770569	0	0	"bs"
"308"	0.955046159770569	0	0	"bs"
"309"	0.955046159770569	0	0	"bs"
"310"	0.955046159770569	0	0	"bs"
"311"	0.955046159770569	0	0	"bs"
"312"	0.955046159770569	0	0	"bs"
"313"	0.955046159770569	0	0	"bs"
"314"	0.955046159770569	0	0	"bs"
"315"	0.955046159770569	0	0	"bs"
"316"	0.955046159770569	0	0	"bs"
"317"	0.955046159770569	0	0	"bs"
"318"	0.955046159770569	0	0	"bs"
"319"	0.955046159770569	0	0	"bs"
"320"	0.955046159770569	0	0	"bs"
"321"	0.955046159770569	0	0	"bs"
"322"	0.955046159770569	0	0	"bs"
"323"	0.955046159770569	0	0	"bs"
"324"	0.955046159770569	0	0	"bs"
"325"	0.955046159770569	0	0	"bs"
"326"	0.955046159770569	0	0	"bs"
"327"	0.955046159770569	0	0	"bs"
"328"	0.955046159770569	0	0	"bs"
"329"	0.955046159770569	0	0	"bs"
"330"	0.955046159770569	0	0	"bs"
"331"	0.955046159770569	0	0	"bs"
"332"	0.955046159770569	0	0	"bs"
"333"	0.955046159770569	0	0	"bs"
"334"	0.955046159770569	0	0	"bs"
"335"	0.955046159770569	0	0	"bs"
"336"	0.955046159770569	0	0	"bs"
"337"	0.955046159770569	0	0	"bs"
"338"	0.955046159770569	0	0	"bs"
"339"	0.955046159770569	0	0	"bs"
"340"	0.955046159770569	0	0	"bs"
"341"	0.955046159770569	0	0	"bs"
"342"	0.955046159770569	0	0	"bs"
"343"	0.955046159770569	0	0	"bs"
"344"	0.955046159770569	0	0	"bs"
"345"	0.955046159770569	0	0	"bs"
"346"	0.955046159770569	0	0	"bs"
"347"	0.955046159770569	0	0	"bs"
"348"	0.955046159770569	0	0	"bs"
"349"	0.955046159770569	0	0	"bs"
"350"	0.955046159770569	0	0	"bs"
"351"	0.955046159770569	0	0	"bs"
"352"	0.955046159770569	0	0	"bs"
"353"	0.955046159770569	0	0	"bs"
"354"	0.955046159770569	0	0	"bs"
"355"	0.955046159770569	0	0	"bs"
"356"	0.955046159770569	0	0	"bs"
"357"	0.955046159770569	0	0	"bs"
"358"	0.955046159770569	0	0	"bs"
"359"	0.955046159770569	0	0	"bs"
"360"	0.955046159770569	0	0	"bs"
"361"	0.955046159770569	0	0	"bs"
"362"	0.427243891810821	0.048	0	"bs"
"363"	0.427243891810821	0	0	"bs"
"364"	0.427243891810821	0	0	"bs"
"365"	0.427243891810821	0	0	"bs"
"366"	0.131669352141793	0	0	"bs"
"367"	0.131669352141793	0	0	"bs"
"368"	0.131669352141793	0	0	"bs"
"369"	0.131669352141793	0.009	0	"bs"
"370"	0.131669352141793	0	0	"bs"
"371"	0.131669352141793	0	0	"bs"
"372"	0.131669352141793	0	0	"bs"
"373"	0.131669352141793	0	0	"bs"
"374"	0.131669352141793	0	0	"bs"
"375"	0.131669352141793	0	0	"bs"
"376"	0.131669352141793	0	0	"bs"
"377"	0.131669352141793	0	0	"bs"
"378"	0.131669352141793	0	0	"bs"
"379"	0.131669352141793	0	0	"bs"
"380"	0.131669352141793	0	0	"bs"
"381"	0.131669352141793	0	0	"bs"
"382"	0.131669352141793	0	0	"bs"
"383"	0.131669352141793	0	0	"bs"
"384"	0.131669352141793	0.11	0	"bs"
"385"	0.131669352141793	0.11	0	"bs"
"386"	0.131669352141793	0	0	"bs"
"387"	0.131669352141793	0.034	0	"bs"
"388"	0.131669352141793	0.294	0	"bs"
"389"	0.131669352141793	0	0	"bs"
"390"	0.131669352141793	0	0	"bs"
"391"	0.131669352141793	0	0	"bs"
"392"	0.131669352141793	0.002	0	"bs"
"393"	0.131669352141793	0.006	0	"bs"
"394"	0.131669352141793	0.299	0	"bs"
"395"	0.131669352141793	0	0	"bs"
"396"	0.131669352141793	0.022	0	"bs"
"397"	0.131669352141793	0	0	"bs"
"398"	0.131669352141793	0.009	0	"bs"
"399"	0.131669352141793	0	0	"bs"
"400"	0.131669352141793	0	0	"bs"
"401"	0.131669352141793	0	0	"bs"
"402"	0.131669352141793	0	0	"bs"
"403"	0.131669352141793	0	0	"bs"
"404"	0.131669352141793	0	0	"bs"
"405"	0.131669352141793	0	0	"bs"
"406"	0.131669352141793	0	0	"bs"
"407"	0.131669352141793	0	0	"bs"
"408"	0.131669352141793	0	0	"bs"
"409"	0.131669352141793	0	0	"bs"
"410"	0.131669352141793	0	0	"bs"
"411"	0.131669352141793	0	0	"bs"
"412"	0.131669352141793	0	0	"bs"
"413"	0.131669352141793	0.966	0	"bs"
"414"	0.131669352141793	0.966	0	"bs"
"415"	0.131669352141793	0.966	0	"bs"
"416"	0.131669352141793	0.294	0	"bs"
"417"	0.131669352141793	0.294	0	"bs"
"418"	0.131669352141793	0	0	"bs"
"419"	0.131669352141793	0.001	0	"bs"
"420"	0.131669352141793	0	0	"bs"
"421"	0.131669352141793	0	0	"bs"
"422"	0.131669352141793	0.01	0	"bs"
"423"	0.131669352141793	0	0	"bs"
"424"	0.131669352141793	0.966	0	"bs"
"425"	0.131669352141793	0	0	"bs"
"426"	0.131669352141793	0.017	0	"bs"
"427"	0.131669352141793	0	0	"bs"
"428"	0.131669352141793	0.181	0	"bs"
"429"	0.131669352141793	0.006	0	"bs"
"430"	0.131669352141793	0.022	0	"bs"
"431"	0.131669352141793	0.022	0	"bs"
"432"	0.131669352141793	0.062	0	"bs"
"433"	0.131669352141793	0.077	0	"bs"
"434"	0.131669352141793	0	0	"bs"
"435"	0.131669352141793	0	0	"bs"
"436"	0.131669352141793	0	0	"bs"
"437"	0.131669352141793	0.59	0	"bs"
"438"	0.131669352141793	0.966	0	"bs"
"439"	0.131669352141793	0.966	0	"bs"
"440"	0.131669352141793	0	0	"bs"
"441"	0.131669352141793	0.002	0	"bs"
"442"	0.131669352141793	0	0	"bs"
"443"	0.131669352141793	0.024	0	"bs"
"444"	0.131669352141793	0	0	"bs"
"445"	0.131669352141793	0.001	0	"bs"
"446"	0.131669352141793	0	0	"bs"
"447"	0.131669352141793	0	0	"bs"
"448"	0.131669352141793	0	0	"bs"
"449"	0.131669352141793	0.007	0	"bs"
"450"	0.131669352141793	0	0	"bs"
"451"	0.131669352141793	0.689	0	"bs"
"452"	0.131669352141793	0.006	0	"bs"
"453"	0.131669352141793	0	0	"bs"
"454"	0.131669352141793	0	0	"bs"
"455"	0.131669352141793	0.001	0	"bs"
"456"	0.131669352141793	0.024	0	"bs"
"457"	0.131669352141793	0.002	0	"bs"
"458"	0.131669352141793	0	0	"bs"
"459"	0.131669352141793	0	0	"bs"
"460"	0.131669352141793	0	0	"bs"
"461"	0.131669352141793	0	0	"bs"
"462"	0.131669352141793	0	0	"bs"
"463"	0.131669352141793	0.007	0	"bs"
"464"	0.131669352141793	0.966	0	"bs"
"465"	0.131669352141793	0	0	"bs"
"466"	0.496144063073197	0	0	"bs"
"467"	0.496144063073197	0	0	"bs"
"468"	0.496144063073197	0	0	"bs"
"469"	0.496144063073197	0	0	"bs"
"470"	0.496144063073197	0	0	"bs"
"471"	0.496144063073197	0	0	"bs"
"472"	0.496144063073197	0	0	"bs"
"473"	0.496144063073197	0	0	"bs"
"474"	0.496144063073197	0	0	"bs"
"475"	0.496144063073197	0	0	"bs"
"476"	0.496144063073197	0	0	"bs"
"477"	0.496144063073197	0	0	"bs"
"478"	0.496144063073197	0	0	"bs"
"479"	0.496144063073197	0	0	"bs"
"480"	0.496144063073197	0	0	"bs"
"481"	0.496144063073197	0	0	"bs"
"482"	0.496144063073197	0	0	"bs"
"483"	0.496144063073197	0	0	"bs"
"484"	0.496144063073197	0	0	"bs"
"485"	0.496144063073197	0	0	"bs"
"486"	0.496144063073197	0	0	"bs"
"487"	0.496144063073197	0	0	"bs"
"488"	0.496144063073197	0	0	"bs"
"489"	0.496144063073197	0	0	"bs"
"490"	0.496144063073197	0	0	"bs"
"491"	0.496144063073197	0	0	"bs"
"492"	0.496144063073197	0	0	"bs"
"493"	0.496144063073197	0	0	"bs"
"494"	0.496144063073197	0	0	"bs"
"495"	0.496144063073197	0	0	"bs"
"496"	0.496144063073197	0	0	"bs"
"497"	0.496144063073197	0	0	"bs"
"498"	0.496144063073197	0	0	"bs"
"499"	0.496144063073197	0	0	"bs"
"500"	0.496144063073197	0	0	"bs"
"501"	0.496144063073197	0	0	"bs"
"502"	0.496144063073197	0	0	"bs"
"503"	0.496144063073197	0	0	"bs"
"504"	0.496144063073197	0	0	"bs"
"505"	0.496144063073197	0	0	"bs"
"506"	0.496144063073197	0	0	"bs"
"507"	0.496144063073197	0	0	"bs"
"508"	0.496144063073197	0	0	"bs"
"509"	0.496144063073197	0	0	"bs"
"510"	0.496144063073197	0	0	"bs"
"511"	0.496144063073197	0	0	"bs"
"512"	0.496144063073197	0	0	"bs"
"513"	0.496144063073197	0	0	"bs"
"514"	0.496144063073197	0	0	"bs"
"515"	0.496144063073197	0	0	"bs"
"516"	0.496144063073197	0	0	"bs"
"517"	0.496144063073197	0	0	"bs"
"518"	0.496144063073197	0	0	"bs"
"519"	0.496144063073197	0	0	"bs"
"520"	0.496144063073197	0	0	"bs"
"521"	0.496144063073197	0	0	"bs"
"522"	0.496144063073197	0	0	"bs"
"523"	0.496144063073197	0	0	"bs"
"524"	0.496144063073197	0	0	"bs"
"525"	0.496144063073197	0	0	"bs"
"526"	0.496144063073197	0	0	"bs"
"527"	0.496144063073197	0	0	"bs"
"528"	0.496144063073197	0	0	"bs"
"529"	0.496144063073197	0	0	"bs"
"530"	0.496144063073197	0	0	"bs"
"531"	0.496144063073197	0	0	"bs"
"532"	0.496144063073197	0	0	"bs"
"533"	0.496144063073197	0	0	"bs"
"534"	0.496144063073197	0	0	"bs"
"535"	0.496144063073197	0	0	"bs"
"536"	0.496144063073197	0	0	"bs"
"537"	0.496144063073197	0	0	"bs"
"538"	0.496144063073197	0	0	"bs"
"539"	0.496144063073197	0	0	"bs"
"540"	0.496144063073197	0	0	"bs"
"541"	0.496144063073197	0	0	"bs"
"542"	0.496144063073197	0	0	"bs"
"543"	0.496144063073197	0	0	"bs"
"544"	0.496144063073197	0	0	"bs"
"545"	0.496144063073197	0	0	"bs"
"546"	0.496144063073197	0	0	"bs"
"547"	0.496144063073197	0	0	"bs"
"548"	0.496144063073197	0	0	"bs"
"549"	0.496144063073197	0	0	"bs"
"550"	0.496144063073197	0	0	"bs"
"551"	0.496144063073197	0	0	"bs"
"552"	0.496144063073197	0	0	"bs"
"553"	0.496144063073197	0	0	"bs"
"554"	0.496144063073197	0	0	"bs"
"555"	0.496144063073197	0	0	"bs"
"556"	0.496144063073197	0	0	"bs"
"557"	0.496144063073197	0	0	"bs"
"558"	0.496144063073197	0	0	"bs"
"559"	0.496144063073197	0	0	"bs"
"560"	0.496144063073197	0	0	"bs"
"561"	0.496144063073197	0	0	"bs"
"562"	0.496144063073197	0	0	"bs"
"563"	0.496144063073197	0	0	"bs"
"564"	0.496144063073197	0	0	"bs"
"565"	0.496144063073197	0	0	"bs"
"566"	0.624307096748042	0	0	"bs"
"567"	0.624307096748042	0	0	"bs"
"568"	0.624307096748042	0	0	"bs"
"569"	0.624307096748042	0	0	"bs"
"570"	0.624307096748042	0	0	"bs"
"571"	0.624307096748042	0	0	"bs"
"572"	0.624307096748042	0	0	"bs"
"573"	0.624307096748042	0	0	"bs"
"574"	0.624307096748042	0	0	"bs"
"575"	0.624307096748042	0	0	"bs"
"576"	0.624307096748042	0	0	"bs"
"577"	0.624307096748042	0	0	"bs"
"578"	0.624307096748042	0	0	"bs"
"579"	0.624307096748042	0	0	"bs"
"580"	0.624307096748042	0	0	"bs"
"581"	0.624307096748042	0	0	"bs"
"582"	0.624307096748042	0	0	"bs"
"583"	0.624307096748042	0	0	"bs"
"584"	0.624307096748042	0	0	"bs"
"585"	0.624307096748042	0	0	"bs"
"586"	0.624307096748042	0	0	"bs"
"587"	0.624307096748042	0	0	"bs"
"588"	0.624307096748042	0	0	"bs"
"589"	0.624307096748042	0	0	"bs"
"590"	0.624307096748042	0	0	"bs"
"591"	0.624307096748042	0	0	"bs"
"592"	0.624307096748042	0	0	"bs"
"593"	0.624307096748042	0	0	"bs"
"594"	0.624307096748042	0	0	"bs"
"595"	0.624307096748042	0	0	"bs"
"596"	0.624307096748042	0	0	"bs"
"597"	0.624307096748042	0	0	"bs"
"598"	0.624307096748042	0	0	"bs"
"599"	0.624307096748042	0	0	"bs"
"600"	0.624307096748042	0	0	"bs"
"601"	0.624307096748042	0	0	"bs"
"602"	0.624307096748042	0	0	"bs"
"603"	0.624307096748042	0	0	"bs"
"604"	0.624307096748042	0	0	"bs"
"605"	0.624307096748042	0.822	0	"bs"
"606"	0.624307096748042	0	0	"bs"
"607"	0.624307096748042	0	0	"bs"
"608"	0.624307096748042	0	0	"bs"
"609"	0.624307096748042	0	0	"bs"
"610"	0.624307096748042	0	0	"bs"
"611"	0.624307096748042	0	0	"bs"
"612"	0.624307096748042	0	0	"bs"
"613"	0.624307096748042	0	0	"bs"
"614"	0.624307096748042	0	0	"bs"
"615"	0.624307096748042	0	0	"bs"
"616"	0.624307096748042	0	0	"bs"
"617"	0.624307096748042	0	0	"bs"
"618"	0.624307096748042	0	0	"bs"
"619"	0.624307096748042	0	0	"bs"
"620"	0.624307096748042	0	0	"bs"
"621"	0.624307096748042	0	0	"bs"
"622"	0.624307096748042	0	0	"bs"
"623"	0.624307096748042	0	0	"bs"
"624"	0.624307096748042	0	0	"bs"
"625"	0.624307096748042	0	0	"bs"
"626"	0.624307096748042	0	0	"bs"
"627"	0.624307096748042	0	0	"bs"
"628"	0.624307096748042	0	0	"bs"
"629"	0.624307096748042	0	0	"bs"
"630"	0.624307096748042	0	0	"bs"
"631"	0.624307096748042	0	0	"bs"
"632"	0.624307096748042	0	0	"bs"
"633"	0.624307096748042	0	0	"bs"
"634"	0.624307096748042	0	0	"bs"
"635"	0.624307096748042	0	0	"bs"
"636"	0.624307096748042	0	0	"bs"
"637"	0.624307096748042	0	0	"bs"
"638"	0.624307096748042	0	0	"bs"
"639"	0.624307096748042	0	0	"bs"
"640"	0.624307096748042	0	0	"bs"
"641"	0.624307096748042	0	0	"bs"
"642"	0.624307096748042	0	0	"bs"
"643"	0.624307096748042	0	0	"bs"
"644"	0.624307096748042	0	0	"bs"
"645"	0.624307096748042	0	0	"bs"
"646"	0.624307096748042	0	0	"bs"
"647"	0.624307096748042	0	0	"bs"
"648"	0.624307096748042	0	0	"bs"
"649"	0.624307096748042	0	0	"bs"
"650"	0.624307096748042	0	0	"bs"
"651"	0.624307096748042	0	0	"bs"
"652"	0.624307096748042	0	0	"bs"
"653"	0.624307096748042	0	0	"bs"
"654"	0.624307096748042	0	0	"bs"
"655"	0.624307096748042	0	0	"bs"
"656"	0.624307096748042	0	0	"bs"
"657"	0.624307096748042	0	0	"bs"
"658"	0.624307096748042	0	0	"bs"
"659"	0.624307096748042	0	0	"bs"
"660"	0.624307096748042	0	0	"bs"
"661"	0.624307096748042	0	0	"bs"
"662"	0.624307096748042	0	0	"bs"
"663"	0.624307096748042	0	0	"bs"
"664"	0.624307096748042	0	0	"bs"
"665"	0.624307096748042	0	0	"bs"
"666"	0.0674814296861541	0.022	0	"bs"
"667"	0.0674814296861541	0.022	0	"bs"
"668"	0.0674814296861541	0.022	0	"bs"
"669"	0.0674814296861541	0.022	0	"bs"
"670"	0.0674814296861541	0.022	0	"bs"
"671"	0.0674814296861541	0.022	0	"bs"
"672"	0.0674814296861541	0	0	"bs"
"673"	0.0674814296861541	0	0	"bs"
"674"	0.0674814296861541	0	0	"bs"
"675"	0.0674814296861541	0	0	"bs"
"676"	0.0674814296861541	1	0	"bs"
"677"	0.0674814296861541	0	0	"bs"
"678"	0.0674814296861541	0.164	0	"bs"
"679"	0.0674814296861541	0	0	"bs"
"680"	0.0674814296861541	0.001	0	"bs"
"681"	0.0674814296861541	0.001	0	"bs"
"682"	0.0674814296861541	0	0	"bs"
"683"	0.0674814296861541	0.003	0	"bs"
"684"	0.0674814296861541	0	0	"bs"
"685"	0.0674814296861541	0	0	"bs"
"686"	0.0674814296861541	0	0	"bs"
"687"	0.0674814296861541	0	0	"bs"
"688"	0.0674814296861541	0	0	"bs"
"689"	0.0674814296861541	0	0	"bs"
"690"	0.0674814296861541	0	0	"bs"
"691"	0.0674814296861541	0	0	"bs"
"692"	0.0674814296861541	0	0	"bs"
"693"	0.0674814296861541	0.122	0	"bs"
"694"	0.0674814296861541	0.122	0	"bs"
"695"	0.0674814296861541	0.122	0	"bs"
"696"	0.0674814296861541	0	0	"bs"
"697"	0.0674814296861541	0.001	0	"bs"
"698"	0.0674814296861541	0.001	0	"bs"
"699"	0.0674814296861541	0.001	0	"bs"
"700"	0.0674814296861541	0.001	0	"bs"
"701"	0.0674814296861541	0.001	0	"bs"
"702"	0.0674814296861541	0.469	0	"bs"
"703"	0.0674814296861541	0.001	0	"bs"
"704"	0.0674814296861541	0	0	"bs"
"705"	0.0674814296861541	0	0	"bs"
"706"	0.0674814296861541	0.001	0	"bs"
"707"	0.0674814296861541	0	0	"bs"
"708"	0.0674814296861541	0	0	"bs"
"709"	0.0674814296861541	0.001	0	"bs"
"710"	0.0674814296861541	0	0	"bs"
"711"	0.0674814296861541	0	0	"bs"
"712"	0.0674814296861541	0.001	0	"bs"
"713"	0.0674814296861541	0	0	"bs"
"714"	0.0674814296861541	0.001	0	"bs"
"715"	0.0674814296861541	0.001	0	"bs"
"716"	0.0674814296861541	0	0	"bs"
"717"	0.0674814296861541	0	0	"bs"
"718"	0.0674814296861541	0	0	"bs"
"719"	0.0674814296861541	0	0	"bs"
"720"	0.0674814296861541	0.01	0	"bs"
"721"	0.0674814296861541	0	0	"bs"
"722"	0.0674814296861541	0	0	"bs"
"723"	0.0674814296861541	0	0	"bs"
"724"	0.0674814296861541	0	0	"bs"
"725"	0.0674814296861541	0	0	"bs"
"726"	0.0674814296861541	0.049	0	"bs"
"727"	0.0674814296861541	0.001	0	"bs"
"728"	0.0674814296861541	0.045	0	"bs"
"729"	0.0674814296861541	0	0	"bs"
"730"	0.0674814296861541	0.001	0	"bs"
"731"	0.0674814296861541	0.236	0	"bs"
"732"	0.0674814296861541	0.982	0	"bs"
"733"	0.0674814296861541	0.003	0	"bs"
"734"	0.0674814296861541	0.007	0	"bs"
"735"	0.0674814296861541	0.007	0	"bs"
"736"	0.0674814296861541	0.007	0	"bs"
"737"	0.0674814296861541	0.007	0	"bs"
"738"	0.0674814296861541	0.007	0	"bs"
"739"	0.0674814296861541	0.007	0	"bs"
"740"	0.0674814296861541	0.007	0	"bs"
"741"	0.0674814296861541	0.007	0	"bs"
"742"	0.0674814296861541	0.007	0	"bs"
"743"	0.0674814296861541	0.007	0	"bs"
"744"	0.0674814296861541	0.007	0	"bs"
"745"	0.0674814296861541	0.007	0	"bs"
"746"	0.0674814296861541	0.007	0	"bs"
"747"	0.0674814296861541	0.007	0	"bs"
"748"	0.0674814296861541	0.007	0	"bs"
"749"	0.0674814296861541	0.007	0	"bs"
"750"	0.0674814296861541	0.007	0	"bs"
"751"	0.0674814296861541	0.007	0	"bs"
"752"	0.0674814296861541	0	0	"bs"
"753"	0.0674814296861541	0	0	"bs"
"754"	0.0674814296861541	0	0	"bs"
"755"	0.0674814296861541	0.001	0	"bs"
"756"	0.0674814296861541	0.629	0	"bs"
"757"	0.0674814296861541	0	0	"bs"
"758"	0.0674814296861541	0	0	"bs"
"759"	0.0674814296861541	0.005	0	"bs"
"760"	0.0674814296861541	0.005	0	"bs"
"761"	0.0674814296861541	0.91	0	"bs"
"762"	0.0674814296861541	0	0	"bs"
"763"	0.0674814296861541	0	0	"bs"
"764"	0.0674814296861541	0.191	0	"bs"
"765"	0.0674814296861541	0	0	"bs"
"766"	0.0768856595628249	0.012	0	"bs"
"767"	0.0768856595628249	0.19	0	"bs"
"768"	0.0768856595628249	0.781	0	"bs"
"769"	0.0768856595628249	0	0	"bs"
"770"	0.0768856595628249	0.004	0	"bs"
"771"	0.0768856595628249	0.607	0	"bs"
"772"	0.0768856595628249	0.12	0	"bs"
"773"	0.0768856595628249	0	0	"bs"
"774"	0.0768856595628249	0.001	0	"bs"
"775"	0.94271324192584	0	0	"bs"
"776"	0.94271324192584	0	0	"bs"
"777"	0.94271324192584	0	0	"bs"
"778"	0.94271324192584	0	0	"bs"
"779"	0.94271324192584	0	0	"bs"
"780"	0.94271324192584	0	0	"bs"
"781"	0.94271324192584	0	0	"bs"
"782"	0.94271324192584	0	0	"bs"
"783"	0.94271324192584	0	0	"bs"
"784"	0.94271324192584	0	0	"bs"
"785"	0.94271324192584	0	0	"bs"
"786"	0.94271324192584	0	0	"bs"
"787"	0.94271324192584	0	0	"bs"
"788"	0.94271324192584	0	0	"bs"
"789"	0.94271324192584	0	0	"bs"
"790"	0.94271324192584	0	0	"bs"
"791"	0.94271324192584	0	0	"bs"
"792"	0.94271324192584	0	0	"bs"
"793"	0.94271324192584	0	0	"bs"
"794"	0.94271324192584	0	0	"bs"
"795"	0.94271324192584	0	0	"bs"
"796"	0.94271324192584	0	0	"bs"
"797"	0.94271324192584	0	0	"bs"
"798"	0.94271324192584	0	0	"bs"
"799"	0.94271324192584	0	0	"bs"
"800"	0.94271324192584	0	0	"bs"
